,Cases fulfilling the reporting criteria of COVID-19,Enhanced laboratory surveillance in public hospitals,Enhanced surveillance at Accident and Emergency Departments / General Outpatient Clinics,Diagnosis / Enhanced surveillance in private hospitals and clinics,Medical surveillance / Contact tracing by the Centre for Health Protection,Enhanced surveillance for asymptomatic inbound travelers,Others,Enhanced surveillance at  Accident and Emergency Departments / General Outpatient Clinics,Medical surveillance / contact tracing by Centre for Health Protection,Enhanced surveillance for persons with higher risk of exposure,Private testing for the four high-risk groups*,Private testing for the four high-risk groups,Private testing for targeted high-risk groups,Universal Community Testing Programme,Private testing for targeted groups,Private testing for high-risk groups,Temporary testing centre,Private testing for the high-risk groups,Private testing for the targeted groups,Community testing centre,Medical surveillance / contact tracing by Centre for Health Protection ,Pending
20200429,344,49,127.0,89,187.0,242,,,,,,,,,,,,,,,,
20200430,335,48,123.0,84,209.0,239,,,,,,,,,,,,,,,,
20200501,334,48,123.0,84,210.0,239,,,,,,,,,,,,,,,,
20200502,333,48,122.0,85,211.0,241,,,,,,,,,,,,,,,,
20200505,333,48,122.0,85,211.0,242,,,,,,,,,,,,,,,,
20200508,333,48,122.0,85,211.0,246,,,,,,,,,,,,,,,,
20200510,333,48,121.0,85,212.0,246,,,,,,,,,,,,,,,,
20200511,333,48,121.0,85,212.0,249,,,,,,,,,,,,,,,,
20200514,334,48,122.0,85,213.0,249,,,,,,,,,,,,,,,,
20200515,334,48,122.0,85,214.0,249,,,,,,,,,,,,,,,,
20200516,335,48,122.0,85,214.0,249,,,,,,,,,,,,,,,,
20200518,335,48,122.0,85,214.0,252,,,,,,,,,,,,,,,,
20200522,335,48,122.0,85,215.0,259,,,,,,,,,,,,,,,,
20200523,336,48,122.0,85,215.0,260,,,,,,,,,,,,,,,,
20200526,336,48,122.0,85,215.0,260,,,,,,,,,,,,,,,,
20200528,336,48,122.0,85,215.0,261,,,,,,,,,,,,,,,,
20200530,336,48,122.0,85,215.0,274,,,,,,,,,,,,,,,,
20200531,336,48,122.0,85,215.0,277,,,,,,,,,,,,,,,,
20200601,336,49,122.0,85,216.0,277,,,,,,,,,,,,,,,,
20200602,336,49,122.0,85,219.0,277,,,,,,,,,,,,,,,,
20200603,336,49,122.0,85,225.0,277,,,,,,,,,,,,,,,,
20200605,336,49,122.0,85,226.0,282,,,,,,,,,,,,,,,,
20200606,336,49,122.0,85,226.0,285,,,,,,,,,,,,,,,,
20200607,338,49,122.0,85,226.0,286,,,,,,,,,,,,,,,,
20200608,336,49,122.0,85,228.0,287,,,,,,,,,,,,,,,,
20200609,336,49,122.0,85,229.0,287,,,,,,,,,,,,,,,,
20200613,336,49,122.0,85,230.0,287,,,,,,,,,,,,,,,,
20200614,336,49,122.0,85,231.0,287,,,,,,,,,,,,,,,,
20200616,336,49,122.0,85,231.0,290,,,,,,,,,,,,,,,,
20200618,336,49,122.0,85,231.0,298,,,,,,,,,,,,,,,,
20200619,336,49,122.0,85,231.0,302,,,,,,,,,,,,,,,,
20200620,336,49,122.0,85,231.0,305,,,,,,,,,,,,,,,,
20200621,336,49,122.0,85,231.0,306,,,,,,,,,,,,,,,,
20200622,336,49,122.0,85,231.0,309,,,,,,,,,,,,,,,,
20200623,336,49,122.0,85,231.0,339,,,,,,,,,,,,,,,,
20200624,336,49,122.0,85,231.0,355,,,,,,,,,,,,,,,,
20200625,336,50,122.0,85,234.0,353,,,,,,,,,,,,,,,,
20200626,336,50,122.0,85,234.0,367,,,,,,,,,,,,,,,,
20200627,336,50,122.0,85,236.0,368,,,,,,,,,,,,,,,,
20200628,336,50,122.0,85,236.0,369,,,,,,,,,,,,,,,,
20200629,336,50,122.0,85,236.0,371,,,,,,,,,,,,,,,,
20200630,336,50,122.0,85,237.0,374,,,,,,,,,,,,,,,,
20200701,336,50,122.0,85,239.0,374,,,,,,,,,,,,,,,,
20200702,336,50,122.0,85,240.0,401,,,,,,,,,,,,,,,,
20200703,336,50,122.0,85,240.0,410,,,,,,,,,,,,,,,,
20200704,336,50,122.0,85,241.0,414,,,,,,,,,,,,,,,,
20200705,336,50,122.0,86,241.0,424,,,,,,,,,,,,,,,,
20200706,336,51,122.0,87,244.0,429,,,,,,,,,,,,,,,,
20200707,336,52,122.0,87,249.0,440,,,,,,,,,,,,,,,,
20200708,336,54,122.0,95,250.0,443,,,,,,,,,,,,,,,,
20200709,336,61,123.0,98,260.0,446,,,,,,,,,,,,,,,,
20200710,336,67,126.0,98,286.0,453,,,,,,,,,,,,,,,,
20200711,336,71,133.0,101,306.0,457,,,,,,,,,,,,,,,,
20200712,336,76,134.0,102,315.0,469,,,,,,,,,,,,,,,,
20200713,336,89,142.0,103,324.0,476,,,,,,,,,,,,,,,,
20200714,336,106,150.0,107,341.0,481,1.0,,,,,,,,,,,,,,,
20200715,336,119,162.0,110,357.0,485,1.0,,,,,,,,,,,,,,,
20200716,336,124,166.0,111,361.0,490,1.0,,,,,,,,,,,,,,,
20200717,336,135,186.0,121,383.0,494,1.0,,,,,,,,,,,,,,,
20200718,336,146,206.0,124,402.0,499,1.0,,,,,,,,,,,,,,,
20200719,336,149,234.0,140,415.0,501,3.0,,,,,,,,,,,,,,,
20200720,336,167,258.0,167,432.0,523,3.0,,,,,,,,,,,,,,,
20200721,336,186,289.0,173,443.0,529,3.0,,,,,,,,,,,,,,,
20200722,336,196,318.0,181,454.0,531,3.0,,,,,,,,,,,,,,,
20200723,336,212,371.0,204,467.0,539,3.0,,,,,,,,,,,,,,,
20200724,336,226,419.0,228,490.0,547,4.0,,,,,,,,,,,,,,,
20200725,336,248,,240,,550,,475.0,519.0,3.0,2.0,,,,,,,,,,,
20200726,336,275,,255,,556,,533.0,543.0,3.0,5.0,,,,,,,,,,,
20200727,336,299,,268,,576,,585.0,560.0,3.0,,7.0,,,,,,,,,,
20200728,336,323,,302,,577,,639.0,592.0,3.0,,7.0,,,,,,,,,,
20200729,336,343,,316,,582,,674.0,621.0,6.0,,7.0,,,,,,,,,,
20200730,336,360,,329,,587,,741.0,635.0,7.0,,8.0,,,,,,,,,,
20200731,336,371,,359,,591,,811.0,668.0,7.0,,9.0,,,,,,,,,,
20200801,336,372,934.0,353,,591,,,670.0,8.0,,9.0,,,,,,,,,,
20200802,336,404,902.0,435,,592,,,709.0,9.0,,10.0,,,,,,,,,,
20200803,336,417,959.0,451,,592,,,726.0,11.0,,20.0,,,,,,,,,,
20200805,336,436,1022.0,484,,598,,,758.0,11.0,25.0,,,,,,,,,,,
20200806,336,443,1066.0,495,,601,,,776.0,11.0,,27.0,,,,,,,,,,
20200807,336,452,1097.0,524,,605,,,801.0,11.0,,24.0,,,,,,,,,,
20200809,336,466,1157.0,561,,614,,,832.0,13.0,,29.0,,,,,,,,,,
20200810,336,472,1190.0,577,,616,,,845.0,14.0,,30.0,,,,,,,,,,
20200811,336,477,1208.0,586,,617,,,880.0,14.0,,31.0,,,,,,,,,,
20200812,336,480,1216.0,593,,618,,,892.0,14.0,,33.0,,,,,,,,,,
20200813,336,485,1249.0,598,,618,,,906.0,15.0,,37.0,,,,,,,,,,
20200814,336,487,1283.0,614,,621,,,920.0,15.0,,37.0,,,,,,,,,,
20200815,336,490,1289.0,624,,618,,,952.0,15.0,,37.0,,,,,,,,,,
20200816,336,492,1325.0,603,,622,,,968.0,15.0,,46.0,,,,,,,,,,
20200817,336,500,1340.0,615,,626,,,1002.0,15.0,,47.0,,,,,,,,,,
20200818,336,503,1350.0,621,,639,,,1014.0,15.0,,47.0,,,,,,,,,,
20200819,336,506,1359.0,624,,640,,,1032.0,16.0,,48.0,,,,,,,,,,
20200820,336,509,1364.0,625,,640,,,1048.0,17.0,,48.0,,,,,,,,,,
20200821,336,511,1370.0,627,,640,,,1056.0,17.0,,48.0,,,,,,,,,,
20200822,336,513,1376.0,629,,644,,,1069.0,17.0,,48.0,,,,,,,,,,
20200823,336,517,1383.0,632,,646,,,1078.0,17.0,,49.0,,,,,,,,,,
20200824,336,517,1385.0,635,,647,,,1092.0,17.0,,54.0,,,,,,,,,,
20200825,336,518,1386.0,638,,648,,,1095.0,17.0,,54.0,,,,,,,,,,
20200826,336,519,1390.0,644,,649,,,1101.0,17.0,,55.0,,,,,,,,,,
20200827,336,521,1396.0,646,,649,,,1114.0,17.0,,56.0,,,,,,,,,,
20200828,336,521,1397.0,647,,652,,,1129.0,17.0,,57.0,,,,,,,,,,
20200829,336,521,1401.0,648,,654,,,1135.0,17.0,,57.0,,,,,,,,,,
20200830,336,523,1405.0,651,,656,,,1141.0,17.0,,58.0,,,,,,,,,,
20200831,336,524,1407.0,651,,661,,,1146.0,17.0,,,60.0,,,,,,,,,
20200901,336,526,1408.0,651,,663,,,1150.0,17.0,,,60.0,,,,,,,,,
20200902,336,527,1409.0,651,,663,,,1160.0,17.0,,,60.0,,,,,,,,,
20200903,336,527,1410.0,653,,663,1.0,,1164.0,17.0,,,60.0,,,,,,,,,
20200904,336,530,1410.0,654,,664,2.0,,1166.0,17.0,,,60.0,,,,,,,,,
20200905,336,531,1409.0,654,,665,2.0,,1173.0,17.0,,,60.0,4.0,,,,,,,,
20200906,336,531,1409.0,655,,665,2.0,,1177.0,17.0,,,60.0,6.0,,,,,,,,
20200907,336,533,1411.0,656,,669,2.0,,1183.0,18.0,,,60.0,11.0,,,,,,,,
20200908,336,533,1411.0,656,,670,2.0,,1188.0,18.0,,,60.0,16.0,,,,,,,,
20200909,336,532,1410.0,656,,671,2.0,,1193.0,18.0,,,60.0,18.0,,,,,,,,
20200910,336,532,1410.0,656,,672,2.0,,1197.0,18.0,,,60.0,19.0,,,,,,,,
20200911,336,532,1410.0,656,,679,2.0,,1200.0,18.0,,,60.0,21.0,,,,,,,,
20200912,336,532,1410.0,657,,687,2.0,,1201.0,18.0,,,60.0,23.0,,,,,,,,
20200913,336,534,1412.0,659,,690,2.0,,1205.0,18.0,,,60.0,23.0,,,,,,,,
20200914,336,534,1412.0,660,,696,2.0,,1214.0,18.0,,,60.0,26.0,,,,,,,,
20200915,336,534,1412.0,661,,697,2.0,,1220.0,18.0,,,60.0,32.0,,,,,,,,
20200916,336,534,1412.0,661,,699,2.0,,1222.0,18.0,,,60.0,32.0,,,,,,,,
20200917,336,534,1412.0,661,,701,2.0,,1229.0,18.0,,,60.0,32.0,,,,,,,,
20200918,336,534,1415.0,661,,704,2.0,,1232.0,18.0,,,60.0,32.0,,,,,,,,
20200919,336,534,1415.0,661,,705,2.0,,1234.0,18.0,,,60.0,32.0,,,,,,,,
20200920,336,535,1416.0,662,,711,2.0,,1238.0,18.0,,,60.0,32.0,,,,,,,,
20200921,336,535,1416.0,662,,723,2.0,,1249.0,18.0,,,60.0,32.0,,,,,,,,
20200922,336,536,1416.0,662,,723,2.0,,1254.0,18.0,,,60.0,32.0,,,,,,,,
20200923,336,536,1416.0,662,,724,2.0,,1261.0,18.0,,,,32.0,60.0,,,,,,,
20200924,336,536,1416.0,662,,725,2.0,,1263.0,18.0,,,,32.0,60.0,,,,,,,
20200925,336,536,1416.0,662,,726,2.0,,1269.0,18.0,,,,32.0,60.0,,,,,,,
20200926,336,536,1416.0,662,,726,2.0,,1271.0,18.0,,,,32.0,60.0,,,,,,,
20200927,336,536,1416.0,662,,727,2.0,,1271.0,18.0,,,,32.0,60.0,,,,,,,
20200928,336,536,1417.0,662,,730,2.0,,1273.0,18.0,,,,32.0,60.0,,,,,,,
20200929,336,536,1417.0,662,,735,2.0,,1278.0,18.0,,,,32.0,60.0,,,,,,,
20200930,336,536,1417.0,662,,737,2.0,,1280.0,18.0,,,,32.0,60.0,,,,,,,
20201001,336,537,1417.0,663,,741,2.0,,1282.0,18.0,,,,32.0,60.0,,,,,,,
20201002,336,537,1414.0,666,,748,2.0,,1285.0,18.0,,,,32.0,60.0,,,,,,,
20201003,336,537,1415.0,667,,751,2.0,,1287.0,18.0,,,,32.0,60.0,,,,,,,
20201004,336,537,1416.0,667,,754,2.0,,1287.0,18.0,,,,32.0,60.0,,,,,,,
20201005,336,541,1417.0,667,,752,2.0,,1289.0,18.0,,,,32.0,60.0,,,,,,,
20201006,336,541,,668,,757,2.0,1418.0,1293.0,18.0,,60.0,,32.0,,,,,,,,
20201007,336,541,,670,,760,2.0,1420.0,1294.0,18.0,,60.0,,32.0,,,,,,,,
20201008,336,541,,676,,762,2.0,1420.0,1297.0,18.0,,60.0,,32.0,,,,,,,,
20201009,336,541,,677,,765,2.0,1421.0,1310.0,18.0,,,,32.0,,60.0,,,,,,
20201010,336,541,,679,,765,2.0,1422.0,1315.0,18.0,,,,32.0,,60.0,,,,,,
20201011,336,541,,680,,768,2.0,1422.0,1317.0,18.0,,,,32.0,,60.0,,,,,,
20201012,336,541,,681,,770,2.0,1422.0,1321.0,18.0,,,,32.0,,60.0,,,,,,
20201013,336,542,,681,,773,2.0,1423.0,1327.0,18.0,,,,32.0,,60.0,,,,,,
20201014,336,543,,681,,776,2.0,1424.0,1330.0,18.0,,,,32.0,,60.0,,,,,,
20201015,336,543,1424.0,681,,776,2.0,,1330.0,18.0,,,,32.0,60.0,,,,,,,
20201016,336,543,1424.0,683,,780,2.0,,1336.0,18.0,,,,32.0,60.0,,,,,,,
20201017,336,543,1425.0,683,,784,2.0,,1338.0,18.0,,,,32.0,60.0,,,,,,,
20201018,336,543,1425.0,683,,796,2.0,,1343.0,18.0,,,,32.0,60.0,,,,,,,
20201019,336,543,1425.0,683,,797,2.0,,1346.0,18.0,,,,32.0,60.0,,,,,,,
20201020,336,543,1425.0,683,,806,2.0,,1352.0,18.0,,,,32.0,60.0,,,,,,,
20201021,336,543,1425.0,683,,808,2.0,,1354.0,18.0,,,,32.0,60.0,,1.0,,,,,
20201022,336,543,1425.0,683,,812,2.0,,1358.0,18.0,,,,32.0,60.0,,1.0,,,,,
20201023,336,543,1425.0,684,,822,2.0,,1358.0,18.0,,,,32.0,60.0,,1.0,,,,,
20201024,336,543,1425.0,684,,824,2.0,,1360.0,18.0,,60.0,,32.0,,,1.0,,,,,
20201025,336,540,,685,,829,2.0,1425.0,1362.0,18.0,,60.0,,32.0,,,1.0,,,,,
20201026,336,540,,686,,832,2.0,1425.0,1364.0,18.0,,60.0,,32.0,,,1.0,,,,,
20201027,336,540,,686,,837,2.0,1425.0,1367.0,18.0,,60.0,,32.0,,,1.0,,,,,
20201028,336,540,,686,,842,2.0,1425.0,1367.0,18.0,,60.0,,32.0,,,1.0,,,,,
20201029,336,540,,686,,843,2.0,1425.0,1368.0,18.0,,60.0,,32.0,,,1.0,,,,,
20201030,336,540,,686,,843,2.0,1426.0,1370.0,18.0,,60.0,,32.0,,,1.0,,,,,
20201031,336,540,,687,,843,2.0,1426.0,1376.0,18.0,,60.0,,32.0,,,1.0,,,,,
20201101,336,540,,687,,846,2.0,1426.0,1376.0,18.0,,60.0,,32.0,,,1.0,,,,,
20201102,336,540,,687,,852,2.0,1426.0,1376.0,19.0,,,,32.0,,,1.0,60.0,,,,
20201103,336,540,,687,,855,2.0,1428.0,1377.0,19.0,,,,32.0,,,1.0,,60.0,,,
20201104,336,540,,688,,858,2.0,1428.0,1382.0,19.0,,,,32.0,,,1.0,,60.0,,,
20201105,336,540,,688,,859,2.0,1428.0,1384.0,19.0,,,,32.0,,,1.0,,60.0,,,
20201106,336,540,,689,,865,2.0,1428.0,1384.0,19.0,,,,32.0,,,1.0,,60.0,,,
20201107,336,540,,689,,870,2.0,1428.0,1385.0,19.0,,,,32.0,,,1.0,,60.0,,,
20201108,336,540,,689,,872,2.0,1429.0,1385.0,19.0,,,,32.0,,,1.0,,60.0,,,
20201109,336,540,,690,,876,2.0,1431.0,1388.0,19.0,,,,32.0,,,1.0,,60.0,,,
20201110,336,540,,691,,882,2.0,1430.0,1388.0,19.0,,,,32.0,,,1.0,,60.0,,,
20201111,336,540,,691,,886,2.0,1431.0,1392.0,19.0,,,,32.0,,,1.0,,60.0,,,
20201112,336,540,,693,,901,3.0,1431.0,1392.0,19.0,,,,32.0,,,1.0,,60.0,,,
20201113,336,541,,694,,915,2.0,1431.0,1395.0,19.0,,,,32.0,,,1.0,,65.0,,,
20201114,336,541,,695,,916,2.0,1432.0,1398.0,19.0,,,,32.0,,,1.0,,65.0,,,
20201115,336,541,,695,,920,2.0,1433.0,1401.0,19.0,,,,32.0,,,1.0,,65.0,,,
20201116,336,542,,696,,928,2.0,1432.0,1406.0,19.0,,,,32.0,,,1.0,,65.0,,,
20201117,336,542,1432.0,696,,933,2.0,,1409.0,19.0,,,,32.0,,,1.0,,65.0,,,
20201118,336,542,1432.0,696,,935,2.0,,1410.0,19.0,,,,32.0,,,,,65.0,2.0,,
20201119,336,542,1433.0,696,,938,2.0,,1415.0,19.0,,,,32.0,,,,,65.0,2.0,,
20201120,336,543,1432.0,698,,946,2.0,,1417.0,19.0,,,,32.0,,,,,65.0,2.0,,
20201121,336,543,1435.0,707,,951,2.0,,1419.0,19.0,,,,32.0,,,,,65.0,9.0,,
20201122,336,543,1440.0,711,,955,2.0,,1425.0,19.0,,,,32.0,,,,,65.0,33.0,,
20201124,336,546,1454.0,725,,970,2.0,,1448.0,19.0,,,,32.0,,,,,66.0,104.0,,
20201125,336,550,1472.0,731,,976,2.0,,1460.0,19.0,,,,32.0,,,,,66.0,138.0,,
20201126,336,551,1486.0,740,,977,2.0,,1484.0,19.0,,,,32.0,,,,,67.0,173.0,,
20201127,336,553,1501.0,754,,981,2.0,,1496.0,19.0,,,,32.0,,,,,69.0,205.0,,
20201128,336,558,1523.0,768,,984,2.0,,1521.0,19.0,,,,32.0,,,,,69.0,228.0,,
20201129,336,560,1548.0,777,,984,2.0,,1539.0,19.0,,,,32.0,,,,,69.0,258.0,,
20201130,336,562,1585.0,794,,989,2.0,,1560.0,19.0,,,,32.0,,,,,69.0,291.0,,
20201201,336,563,1596.0,803,,996,2.0,,1588.0,19.0,,,,32.0,,,,,69.0,311.0,,
20201202,336,565,1630.0,810,,1004,2.0,,1610.0,19.0,,,,32.0,,,,,69.0,320.0,,
20201203,336,569,1650.0,819,,1010,2.0,,1651.0,19.0,,,,32.0,,,,,69.0,343.0,,
20201204,336,576,1677.0,831,,1019,2.0,,1676.0,19.0,,,,32.0,,,,,69.0,353.0,,
20201205,336,577,1697.0,851,,1028,2.0,,1717.0,20.0,,,,32.0,,,,,72.0,370.0,,
20201206,336,577,1718.0,865,,1037,2.0,,1755.0,20.0,,,,32.0,,,,,72.0,389.0,,
20201207,336,580,1738.0,878,,1044,2.0,,1786.0,20.0,,,,32.0,,,,,73.0,409.0,,
20201208,336,581,1772.0,889,,1050,2.0,,1804.0,20.0,,,,32.0,,,,,73.0,417.0,,
20201209,336,586,1785.0,897,,1055,2.0,,1851.0,20.0,,,,32.0,,,,,77.0,435.0,,
20201210,336,588,1814.0,910,,1058,2.0,,1889.0,20.0,,,,32.0,,,,,77.0,454.0,,
20201211,336,591,1844.0,932,,1064,2.0,,1925.0,21.0,,,,32.0,,,,,78.0,467.0,,
20201212,336,593,1866.0,954,,1068,2.0,,1953.0,21.0,,,,32.0,,,,,78.0,475.0,,
20201213,336,593,1897.0,960,,1072,3.0,,1971.0,24.0,,,,32.0,,,,,78.0,481.0,,
20201214,336,593,1931.0,972,,1072,3.0,,2000.0,24.0,,,,32.0,,,,,78.0,481.0,,
20201215,336,601,1942.0,987,,1078,3.0,,2032.0,21.0,,,,32.0,,,,,78.0,514.0,,
20201216,336,607,1964.0,999,,1085,3.0,,2062.0,21.0,,,,32.0,,,,,79.0,534.0,,
20201217,336,609,1987.0,1012,,1087,3.0,,2093.0,21.0,,,,32.0,,,,,81.0,543.0,,
20201218,336,610,2017.0,1021,,1088,4.0,,2133.0,21.0,,,,32.0,,,,,81.0,557.0,,
20201219,336,611,2034.0,1035,,1094,4.0,,2156.0,21.0,,,,32.0,,,,,81.0,566.0,,
20201220,336,616,2058.0,1048,,1097,4.0,,2201.0,21.0,,,,32.0,,,,,81.0,585.0,,
20201221,336,619,,1061,,1099,4.0,2072.0,2229.0,21.0,,,,32.0,,,599.0,,81.0,,,
20201222,336,620,,1068,,1103,4.0,2089.0,2274.0,21.0,,,,32.0,,,610.0,,81.0,,,
20201223,336,621,,1077,,1113,4.0,2094.0,2308.0,21.0,,,,32.0,,,614.0,,81.0,,,
20201224,336,623,,1081,,1110,4.0,2099.0,2341.0,21.0,,,,32.0,,,625.0,,82.0,,,
20201225,336,624,,1088,,1115,4.0,2118.0,2370.0,21.0,,,,32.0,,,635.0,,82.0,,,
20201226,336,631,,1095,,1116,4.0,2132.0,2387.0,21.0,,,,32.0,,,645.0,,83.0,,,
20201227,336,633,,1101,,1117,4.0,2145.0,2418.0,21.0,,,,32.0,,,651.0,,83.0,,,
20201228,336,634,,1110,,1117,4.0,2164.0,2445.0,22.0,,,,32.0,,,663.0,,84.0,,,
20201229,336,639,,1112,,1118,4.0,2174.0,2471.0,22.0,,,,32.0,,,680.0,,84.0,,,
20201230,336,641,,1119,,1118,4.0,2180.0,2500.0,23.0,,,,32.0,,,688.0,,84.0,,,
20201231,336,642,,1120,,1118,4.0,2190.0,2526.0,23.0,,,,32.0,,,704.0,,84.0,,,
20210101,336,642,,1123,,1122,4.0,2205.0,2560.0,23.0,,,,32.0,,,716.0,,84.0,,,
20210102,336,643,,1125,,1124,4.0,2219.0,2580.0,23.0,,,,32.0,,,718.0,,85.0,,,
20210103,336,643,,1129,,1125,4.0,2230.0,2594.0,23.0,,,,32.0,,,723.0,,85.0,,,
20210104,336,655,,1130,,1124,4.0,2228.0,2617.0,23.0,,,,32.0,,,731.0,,85.0,,,
20210105,336,656,,1130,,1126,4.0,2229.0,2647.0,23.0,,,,32.0,,,,,85.0,750.0,,
20210106,336,659,,1132,,1127,4.0,2239.0,2658.0,23.0,,,,32.0,,,,,85.0,755.0,,
20210107,336,660,,1132,,1129,4.0,2245.0,2666.0,23.0,,,,32.0,,,,,85.0,763.0,,
20210108,336,660,,1135,,1133,4.0,2247.0,2689.0,23.0,,,,32.0,,,,,85.0,764.0,,
20210109,336,661,,1145,,1134,4.0,2255.0,2703.0,23.0,,,,32.0,,,,,85.0,775.0,,
20210110,336,662,2270.0,1150,,1138,4.0,,2734.0,23.0,,,,32.0,,,,,85.0,778.0,,
20210111,336,662,2275.0,1152,,1140,4.0,,2751.0,23.0,,,,32.0,,,,,85.0,783.0,,
20210112,336,664,2279.0,1155,,1140,4.0,,2756.0,23.0,,,,32.0,,,,,85.0,810.0,,
20210113,336,664,2290.0,1158,,1140,4.0,,2781.0,23.0,,,,32.0,,,,,85.0,831.0,,
20210114,336,667,2302.0,1158,,1140,4.0,,2797.0,23.0,,,,32.0,,,,,86.0,841.0,,
20210115,336,671,2305.0,1161,,1142,4.0,,2804.0,23.0,,,,32.0,,,,,86.0,851.0,,
20210116,336,673,2309.0,1166,,1143,4.0,,2818.0,23.0,,,,32.0,,,,,86.0,863.0,,
20210117,336,673,2317.0,1170,,1143,4.0,,2843.0,23.0,,,,32.0,,,,,87.0,875.0,,
20210118,336,673,2327.0,1178,,1147,4.0,,2862.0,23.0,,,,32.0,,,,,88.0,888.0,,
20210119,336,674,2332.0,1194,,1149,4.0,,2888.0,23.0,,,,32.0,,,,,88.0,945.0,,
20210120,336,676,2338.0,1197,,1150,4.0,,2905.0,23.0,,,,32.0,,,,,89.0,971.0,,
20210121,336,679,2352.0,1200,,1150,4.0,,2927.0,23.0,,,,32.0,,,,,89.0,1006.0,,
20210122,336,680,2359.0,1205,,1155,4.0,,2964.0,23.0,,,,32.0,,,,,90.0,1020.0,,
20210123,336,682,2369.0,1210,,1157,4.0,,2985.0,23.0,,,,32.0,,,,,90.0,1041.0,,
20210124,336,682,2394.0,1219,,1159,4.0,,3007.0,23.0,,,,32.0,,,,,90.0,1064.0,,
20210125,336,685,2402.0,1220,,1160,4.0,,3045.0,23.0,,,,32.0,,,,,94.0,1085.0,,
20210126,336,685,2421.0,1223,,1163,5.0,,3062.0,23.0,,,,32.0,,,,,96.0,1113.0,,
20210127,336,688,2430.0,1229,,1164,5.0,,3094.0,23.0,,,,32.0,,,,,96.0,1126.0,,
20210128,336,689,2441.0,1234,,1166,5.0,,3122.0,23.0,,,,32.0,,,,,96.0,1139.0,,
20210129,336,691,2447.0,1236,,1166,5.0,,3134.0,24.0,,,,32.0,,,,,96.0,1155.0,,
20210130,336,695,2461.0,1237,,1167,6.0,,3155.0,24.0,,,,32.0,,,,,96.0,1163.0,,
20210131,336,696,,1237,,1169,6.0,2464.0,3168.0,24.0,,,,32.0,,,,,96.0,1172.0,,
20210201,336,696,2470.0,1240,,1177,6.0,,3185.0,24.0,,,,32.0,,,,,96.0,1191.0,,
20210202,336,696,2471.0,1244,,1181,6.0,,3203.0,24.0,,,,32.0,,,,,96.0,1198.0,,
20210203,336,697,2473.0,1244,,1182,6.0,,3221.0,24.0,,,,32.0,,,,,96.0,1201.0,,
20210204,336,697,2477.0,1245,,1182,7.0,,3227.0,24.0,,,,32.0,,,,,96.0,1208.0,,
20210205,336,697,2486.0,1248,,1184,7.0,,3232.0,24.0,,,,32.0,,,,,96.0,1211.0,,
20210206,336,699,2488.0,1249,,1186,7.0,,3254.0,24.0,,,,32.0,,,,,96.0,1219.0,,
20210207,336,699,2494.0,1250,,1188,7.0,,3263.0,24.0,,,,32.0,,,,,96.0,1220.0,,
20210208,336,699,2497.0,1252,,1190,7.0,,3277.0,25.0,,,,32.0,,,,,96.0,1225.0,,
20210209,336,699,2500.0,1254,,1192,7.0,,3295.0,25.0,,,,32.0,,,,,96.0,1232.0,,
20210210,336,701,2499.0,1256,,1193,7.0,,3306.0,25.0,,,,32.0,,,,,96.0,1243.0,,
20210211,336,702,2501.0,1254,,1193,7.0,,3310.0,25.0,,,,32.0,,,,,96.0,1255.0,,
20210212,336,702,2502.0,1256,,1195,8.0,,3319.0,25.0,,,,32.0,,,,,96.0,1261.0,,
20210213,336,702,,1259,,1196,8.0,2508.0,3329.0,25.0,,,,32.0,,,,,96.0,1265.0,,
20210214,336,702,,1259,,1196,8.0,2509.0,3339.0,25.0,,,,32.0,,,,,96.0,1266.0,,
20210215,336,702,,1261,,1197,8.0,2510.0,3343.0,25.0,,,,32.0,,,,,96.0,1270.0,,
20210216,336,702,,1262,,1201,8.0,2510.0,3346.0,25.0,,,,32.0,,,,,96.0,1271.0,,
20210217,336,702,,1262,,1201,8.0,2512.0,3351.0,25.0,,,,32.0,,,,,96.0,1272.0,,
20210218,336,702,,1263,,1204,8.0,2516.0,3354.0,25.0,,,,32.0,,,,,96.0,1277.0,,
20210219,336,702,,1263,,1204,8.0,2518.0,3358.0,25.0,,,,32.0,,,,,96.0,1279.0,,
20210220,336,702,,1263,,1204,8.0,2522.0,3363.0,26.0,,,,32.0,,,,,97.0,1281.0,,
20210221,336,702,,1263,,1208,8.0,2528.0,3367.0,26.0,,,,32.0,,,,,97.0,1282.0,,
20210222,336,702,,1265,,1209,8.0,2532.0,3374.0,26.0,,,,32.0,,,,,97.0,1288.0,,
20210223,336,705,2527.0,1265,,1212,8.0,,3382.0,26.0,,,,32.0,,,,,97.0,1295.0,,
20210224,336,705,2527.0,1265,,1212,8.0,,3390.0,26.0,,,,32.0,,,,,97.0,1299.0,,
20210225,336,705,2531.0,1265,,1213,8.0,,3397.0,26.0,,,,32.0,,,,,97.0,1304.0,,
20210226,336,706,2533.0,1266,,1213,8.0,,3401.0,26.0,,,,32.0,,,,,97.0,1309.0,,
20210227,336,706,2536.0,1268,,1218,8.0,,3412.0,26.0,,,,32.0,,,,,97.0,1312.0,,
20210228,336,706,2541.0,1272,,1220,8.0,,3427.0,26.0,,,,32.0,,,,,97.0,1319.0,,
20210301,336,706,2542.0,1277,,1224,8.0,,3435.0,26.0,,,,32.0,,,,,97.0,1323.0,,
20210302,336,706,2547.0,1277,,1227,8.0,,3438.0,26.0,,,,32.0,,,,,97.0,1326.0,,
20210303,336,708,2545.0,1276,,1232,8.0,,3443.0,26.0,,,,32.0,,,,,97.0,1330.0,,
20210304,336,708,2545.0,1279,,1232,8.0,,3445.0,26.0,,,,32.0,,,,,97.0,1339.0,,
20210305,336,708,2546.0,1279,,1234,8.0,,3451.0,26.0,,,,32.0,,,,,97.0,1339.0,,
20210306,336,708,2548.0,1280,,1234,8.0,,3458.0,26.0,,,,32.0,,,,,97.0,1340.0,,
20210307,336,708,2550.0,1280,,1236,8.0,,3462.0,26.0,,,,32.0,,,,,97.0,1340.0,,
20210308,336,708,2550.0,1281,,1238,8.0,,3471.0,27.0,,,,32.0,,,,,97.0,1343.0,,
20210309,336,708,2552.0,1281,,1239,8.0,,3475.0,26.0,,,,32.0,,,,,98.0,1345.0,,
20210310,336,709,2552.0,1282,,1241,8.0,,3491.0,26.0,,,,32.0,,,,,98.0,1346.0,,
20210311,336,710,2552.0,1282,,1241,8.0,,3496.0,26.0,,,,32.0,,,,,98.0,1348.0,,
20210312,336,711,2556.0,1288,,1242,8.0,,3501.0,26.0,,,,32.0,,,,,98.0,1353.0,,
20210313,336,712,2562.0,1298,,1247,8.0,,3522.0,26.0,,,,32.0,,,,,98.0,1370.0,,
20210314,336,712,2566.0,1303,,1250,8.0,,3549.0,26.0,,,,32.0,,,,,98.0,1378.0,,
20210315,336,712,2570.0,1307,,1250,8.0,,3559.0,26.0,,,,32.0,,,,,98.0,1384.0,,
20210316,336,712,2571.0,1309,,1261,8.0,,3574.0,26.0,,,,32.0,,,,,98.0,1385.0,,
20210317,336,712,2571.0,1309,,1265,8.0,,3581.0,26.0,,,,32.0,,,,,98.0,1392.0,,
20210318,336,712,2571.0,1309,,1265,8.0,,3589.0,26.0,,,,32.0,,,,,98.0,1395.0,,
20210319,336,712,2572.0,1310,,1267,8.0,,3593.0,26.0,,,,32.0,,,,,98.0,1397.0,,
20210320,336,713,2571.0,1312,,1269,8.0,,3600.0,26.0,,,,32.0,,,,,98.0,1399.0,,
20210321,336,713,2571.0,1312,,1269,8.0,,3606.0,26.0,,,,32.0,,,,,98.0,1401.0,,
20210322,336,713,2572.0,1312,,1271,8.0,,3611.0,26.0,,,,32.0,,,,,98.0,1401.0,,
20210323,336,713,2573.0,1312,,1278,8.0,,3620.0,26.0,,,,32.0,,,,,98.0,1402.0,,
20210324,336,713,2574.0,1312,,1285,8.0,,3624.0,26.0,,,,32.0,,,,,98.0,1402.0,,
20210325,336,713,2575.0,1313,,1290,8.0,,3627.0,26.0,,,,32.0,,,,,98.0,1402.0,,
20210326,336,713,2575.0,1313,,1293,8.0,,3633.0,26.0,,,,32.0,,,,,98.0,1402.0,,
20210327,336,713,2575.0,1313,,1294,8.0,,3642.0,26.0,,,,32.0,,,,,98.0,1403.0,,
20210328,336,713,2575.0,1313,,1299,8.0,,3643.0,26.0,,,,32.0,,,,,98.0,1403.0,,
20210329,336,713,,1313,,1300,8.0,2575.0,3643.0,26.0,,,,32.0,,,,,98.0,1403.0,,
20210330,336,713,,1313,,1302,8.0,2575.0,3648.0,26.0,,,,32.0,,,,,98.0,1404.0,,
20210331,336,713,,1313,,1307,8.0,2575.0,3650.0,26.0,,,,32.0,,,,,98.0,1404.0,,
20210401,336,713,2575.0,1313,,1308,8.0,,3654.0,26.0,,,,32.0,,,,,98.0,1405.0,,
20210402,336,713,2575.0,1314,,1315,8.0,,3658.0,26.0,,,,32.0,,,,,98.0,1406.0,,
20210403,336,713,2576.0,1314,,1321,8.0,,3670.0,26.0,,,,32.0,,,,,98.0,1406.0,,
20210404,336,713,2576.0,1314,,1321,8.0,,3672.0,26.0,,,,32.0,,,,,98.0,1406.0,,
20210405,336,713,2576.0,1314,,1322,8.0,,3678.0,26.0,,,,32.0,,,,,98.0,1406.0,,
20210406,336,713,2576.0,1315,,1329,8.0,,3686.0,26.0,,,,32.0,,,,,98.0,1406.0,,
20210407,336,713,2576.0,1315,,1332,8.0,,3690.0,26.0,,,,32.0,,,,,98.0,1406.0,,
20210408,336,713,2576.0,1316,,1333,8.0,,3695.0,26.0,,,,32.0,,,,,98.0,1407.0,,
20210409,336,714,2576.0,1316,,1334,8.0,,3703.0,26.0,,,,32.0,,,,,98.0,1407.0,,
20210410,336,714,2576.0,1317,,1339,8.0,,3711.0,26.0,,,,32.0,,,,,98.0,1407.0,,
20210411,336,714,2576.0,1317,,1339,8.0,,3714.0,26.0,,,,32.0,,,,,98.0,1409.0,,
20210412,336,714,2576.0,1318,,1347,8.0,,3718.0,26.0,,,,32.0,,,,,98.0,1409.0,,
20210413,336,714,2576.0,1318,,1351,8.0,,3727.0,26.0,,,,32.0,,,,,98.0,1409.0,,
20210414,336,714,2576.0,1318,,1358,8.0,,3730.0,26.0,,,,32.0,,,,,98.0,1412.0,,
20210415,336,714,2576.0,1318,,1359,9.0,,3733.0,26.0,,,,32.0,,,,,98.0,1412.0,,
20210416,336,714,2576.0,1320,,1362,9.0,,3734.0,26.0,,,,32.0,,,,,98.0,1412.0,,
20210417,336,714,2576.0,1320,,1365,9.0,,3748.0,26.0,,,,32.0,,,,,98.0,1412.0,,
20210418,336,714,,1321,,1369,9.0,2577.0,3756.0,26.0,,,,32.0,,,,,98.0,1416.0,,
20210419,336,714,2577.0,1321,,1373,9.0,,3781.0,26.0,,,,32.0,,,,,98.0,1417.0,,
20210420,336,714,2577.0,1321,,1381,9.0,,3784.0,26.0,,,,32.0,,,,,98.0,1418.0,,
20210421,336,714,2577.0,1322,,1381,9.0,,3789.0,26.0,,,,32.0,,,,,98.0,1420.0,,
20210422,336,714,2577.0,1322,,1381,9.0,,3790.0,26.0,,,,32.0,,,,,98.0,1420.0,,
20210423,336,714,2578.0,1322,,1383,9.0,,3800.0,26.0,,,,32.0,,,,,98.0,1421.0,,
20210424,336,714,2578.0,1323,,1383,9.0,,3808.0,26.0,,,,32.0,,,,,98.0,1421.0,,
20210425,336,714,2578.0,1324,,1383,9.0,,3809.0,26.0,,,,32.0,,,,,98.0,1422.0,,
20210426,336,714,2578.0,1324,,1385,9.0,,3813.0,26.0,,,,32.0,,,,,98.0,1422.0,,
20210427,336,714,2578.0,1324,,1385,9.0,,3817.0,26.0,,,,32.0,,,,,98.0,1422.0,,
20210428,336,714,2578.0,1324,,1388,9.0,,3819.0,26.0,,,,32.0,,,,,98.0,1425.0,,
20210429,336,714,2578.0,1324,,1388,9.0,,3826.0,26.0,,,,32.0,,,,,98.0,1425.0,,
20210430,336,714,2578.0,1324,,1390,9.0,,3839.0,26.0,,,,32.0,,,,,98.0,1425.0,,
20210501,336,714,2578.0,1324,,1390,9.0,,3842.0,26.0,,,,32.0,,,,,98.0,1426.0,,
20210502,336,714,2578.0,1324,,1390,9.0,,3850.0,26.0,,,,32.0,,,,,98.0,1426.0,,
20210503,336,714,2578.0,1324,,1390,9.0,,3852.0,26.0,,,,32.0,,,,,98.0,1426.0,,
20210504,336,714,2578.0,1324,,1392,9.0,,3852.0,26.0,,,,32.0,,,,,98.0,1426.0,,
20210505,336,714,2578.0,1324,,1393,9.0,,3854.0,26.0,,,,32.0,,,,,98.0,1427.0,,
20210506,336,714,2578.0,1324,,1393,9.0,,3858.0,26.0,,,,32.0,,,,,98.0,1429.0,,
20210507,336,714,2578.0,1324,,1393,9.0,,3860.0,26.0,,,,32.0,,,,,98.0,1429.0,,
20210508,336,714,2578.0,1324,,1393,9.0,,3861.0,26.0,,,,32.0,,,,,98.0,1431.0,,
20210509,336,714,2578.0,1324,,1393,9.0,,3866.0,26.0,,,,32.0,,,,,98.0,1431.0,,
20210510,336,714,2578.0,1324,,1394,9.0,,3866.0,26.0,,,,32.0,,,,,98.0,1431.0,,
20210511,336,714,2578.0,1324,,1394,9.0,,3870.0,26.0,,,,32.0,,,,,98.0,1431.0,,
20210512,336,714,2578.0,1324,,1395,9.0,,3870.0,26.0,,,,32.0,,,,,98.0,1431.0,,
20210513,336,714,2578.0,1324,,1395,9.0,,3872.0,26.0,,,,32.0,,,,,98.0,1431.0,,
20210514,336,714,2578.0,1324,,1395,9.0,,3875.0,26.0,,,,32.0,,,,,98.0,1431.0,,
20210515,336,714,2578.0,1324,,1396,9.0,,,26.0,,,,32.0,,,,,98.0,1431.0,3875.0,
20210516,336,714,2578.0,1325,,1396,9.0,,3877.0,26.0,,,,32.0,,,,,98.0,1431.0,,
20210517,336,714,,1325,,1397,9.0,2578.0,3880.0,26.0,,,,32.0,,,,,98.0,1430.0,,
20210518,336,714,,1325,,1398,9.0,2578.0,3880.0,26.0,,,,32.0,,,,,98.0,1430.0,,
20210519,336,714,,1326,,1398,9.0,2578.0,3880.0,26.0,,,,32.0,,,,,98.0,1430.0,,
20210520,336,714,,1327,,1398,9.0,2578.0,3880.0,26.0,,,,32.0,,,,,98.0,1430.0,,
20210521,336,714,,1327,,1398,9.0,2578.0,3881.0,26.0,,,,32.0,,,,,98.0,1430.0,,
20210522,336,714,,1327,,1398,9.0,2578.0,3882.0,26.0,,,,32.0,,,,,98.0,1430.0,,
20210523,336,714,2578.0,1327,,1398,9.0,,3882.0,26.0,,,,32.0,,,,,98.0,1431.0,,
20210524,336,714,2578.0,1327,,1398,9.0,,3883.0,26.0,,,,32.0,,,,,98.0,1432.0,,
20210525,336,714,2578.0,1327,,1398,9.0,,3883.0,26.0,,,,32.0,,,,,98.0,1433.0,,
20210526,336,714,2578.0,1327,,1398,9.0,,3883.0,26.0,,,,32.0,,,,,98.0,1435.0,,
20210527,336,714,2578.0,1327,,1399,9.0,,3883.0,26.0,,,,32.0,,,,,98.0,1435.0,,
20210530,336,714,2578.0,1327,,1399,9.0,,3884.0,26.0,,,,32.0,,,,,98.0,1435.0,,
20210601,336,715,2578.0,1327,,1401,9.0,,3885.0,26.0,,,,32.0,,,,,98.0,1435.0,,
20210602,336,715,2578.0,1328,,1404,9.0,,3888.0,26.0,,,,32.0,,,,,98.0,1435.0,,
20210603,336,715,2578.0,1327,,1404,9.0,,3889.0,26.0,,,,32.0,,,,,98.0,1435.0,,
20210604,336,715,2578.0,1327,,1404,9.0,,3890.0,26.0,,,,32.0,,,,,98.0,1435.0,,
20210605,336,715,2578.0,1327,,1404,9.0,,3891.0,26.0,,,,32.0,,,,,98.0,1435.0,,
20210606,336,715,2579.0,1327,,1404,9.0,,3891.0,26.0,,,,32.0,,,,,98.0,1435.0,,
20210607,336,715,2579.0,1327,,1408,9.0,,3894.0,26.0,,,,32.0,,,,,98.0,1435.0,,
20210608,336,715,2579.0,1327,,1411,9.0,,3898.0,26.0,,,,32.0,,,,,98.0,1435.0,,
20210609,336,715,2579.0,1327,,1413,9.0,,3899.0,26.0,,,,32.0,,,,,98.0,1435.0,,
20210610,336,715,2579.0,1327,,1413,9.0,,3903.0,26.0,,,,32.0,,,,,98.0,1435.0,,
20210611,336,715,2579.0,1327,,1414,9.0,,,26.0,,,,32.0,,,,,98.0,1435.0,3904.0,
20210613,336,715,2579.0,1327,,1417,9.0,,3904.0,26.0,,,,32.0,,,,,98.0,1435.0,,
20210615,336,715,2579.0,1327,,1418,9.0,,3904.0,26.0,,,,32.0,,,,,98.0,1435.0,,
20210616,336,715,2579.0,1327,,1418,9.0,,3906.0,26.0,,,,32.0,,,,,98.0,1435.0,,
20210617,336,715,2579.0,1328,,1418,9.0,,3906.0,26.0,,,,32.0,,,,,98.0,1435.0,,
20210619,336,715,2579.0,1328,,1421,9.0,,3906.0,26.0,,,,32.0,,,,,98.0,1435.0,,
20210620,336,715,2579.0,1328,,1421,9.0,,3907.0,26.0,,,,32.0,,,,,98.0,1435.0,,
20210621,336,715,2579.0,1328,,1422,9.0,,3907.0,26.0,,,,32.0,,,,,98.0,1435.0,,
20210622,336,715,2579.0,1328,,1424,9.0,,3908.0,26.0,,,,32.0,,,,,98.0,1435.0,,
20210623,336,715,2579.0,1329,,1428,9.0,,3910.0,26.0,,,,32.0,,,,,98.0,1435.0,,
20210624,336,715,2579.0,1330,,1428,9.0,,,26.0,,,,32.0,,,,,98.0,1435.0,3911.0,
20210625,336,715,2579.0,1331,,1431,9.0,,3914.0,26.0,,,,32.0,,,,,98.0,1435.0,,
20210626,336,715,2579.0,1331,,1432,10.0,,3916.0,26.0,,,,32.0,,,,,98.0,1435.0,,
20210627,336,715,2579.0,1332,,1433,10.0,,3916.0,26.0,,,,32.0,,,,,98.0,1435.0,,
20210628,336,715,2579.0,1332,,1434,10.0,,3921.0,26.0,,,,32.0,,,,,98.0,1435.0,,
20210629,336,715,2579.0,1332,,1435,10.0,,3923.0,26.0,,,,32.0,,,,,98.0,1435.0,,
20210630,336,715,2579.0,1332,,1435,10.0,,3924.0,26.0,,,,32.0,,,,,98.0,1435.0,,
20210701,336,715,2579.0,1332,,1437,10.0,,3924.0,26.0,,,,32.0,,,,,98.0,1435.0,,
20210702,336,715,2579.0,1332,,1440,10.0,,3925.0,26.0,,,,32.0,,,,,98.0,1435.0,,
20210703,336,715,2579.0,1332,,1447,10.0,,3928.0,26.0,,,,32.0,,,,,98.0,1436.0,,
20210704,336,715,2579.0,1332,,1447,10.0,,3929.0,26.0,,,,32.0,,,,,98.0,1436.0,,
20210705,336,715,2579.0,1332,,1447,10.0,,3932.0,26.0,,,,32.0,,,,,98.0,1436.0,,
20210706,336,715,2579.0,1332,,1447,10.0,,3933.0,26.0,,,,32.0,,,,,98.0,1436.0,,
20210707,336,715,2579.0,1332,,1448,10.0,,,26.0,,,,32.0,,,,,98.0,1436.0,3933.0,
20210708,336,715,2579.0,1332,,1449,10.0,,3933.0,26.0,,,,32.0,,,,,98.0,1436.0,,
20210709,336,715,2579.0,1332,,1451,10.0,,3934.0,26.0,,,,32.0,,,,,98.0,1436.0,,
20210710,336,715,2579.0,1332,,1451,10.0,,3935.0,26.0,,,,32.0,,,,,98.0,1436.0,,
20210711,336,715,2579.0,1332,,1451,10.0,,3936.0,26.0,,,,32.0,,,,,98.0,1436.0,,
20210712,336,715,2579.0,1332,,1451,10.0,,,26.0,,,,32.0,,,,,98.0,1437.0,3936.0,
20210714,336,715,2579.0,1332,,1451,10.0,,3937.0,26.0,,,,32.0,,,,,98.0,1437.0,,
20210715,336,715,2579.0,1332,,1453,10.0,,3938.0,26.0,,,,32.0,,,,,98.0,1437.0,,
20210717,336,715,2579.0,1332,,1454,10.0,,3938.0,26.0,,,,32.0,,,,,98.0,1437.0,,
20210719,336,715,2579.0,1332,,1455,10.0,,3939.0,26.0,,,,32.0,,,,,98.0,1437.0,,
20210721,336,715,2579.0,1332,,1462,10.0,,,26.0,,,,32.0,,,,,98.0,1437.0,3939.0,
20210722,336,715,2579.0,1332,,1462,10.0,,3944.0,26.0,,,,32.0,,,,,98.0,1437.0,,
20210723,336,715,2579.0,1332,,1463,10.0,,3944.0,26.0,,,,32.0,,,,,98.0,1437.0,,
20210724,336,715,2579.0,1332,,1463,10.0,,3946.0,26.0,,,,32.0,,,,,98.0,1437.0,,
20210725,336,715,2579.0,1332,,1463,10.0,,3948.0,26.0,,,,32.0,,,,,98.0,1437.0,,
20210726,336,715,2579.0,1334,,1463,10.0,,3949.0,26.0,,,,32.0,,,,,98.0,1437.0,,
20210728,336,715,2579.0,1334,,1464,10.0,,3949.0,26.0,,,,32.0,,,,,98.0,1437.0,,
20210729,336,715,2579.0,1334,,1464,10.0,,3950.0,26.0,,,,32.0,,,,,98.0,1437.0,,
20210730,336,715,2579.0,1334,,1464,10.0,,3952.0,26.0,,,,32.0,,,,,98.0,1437.0,,
20210731,336,715,2579.0,1334,,1466,10.0,,3952.0,26.0,,,,32.0,,,,,98.0,1437.0,,
20210802,336,715,2579.0,1334,,1469,10.0,,3952.0,26.0,,,,32.0,,,,,98.0,1437.0,,
20210803,336,715,2579.0,1334,,1471,10.0,,3953.0,26.0,,,,32.0,,,,,98.0,1437.0,,
20210804,336,715,2579.0,1334,,1475,10.0,,3953.0,26.0,,,,32.0,,,,,98.0,1437.0,,
20210805,336,715,2579.0,1334,,1475,10.0,,3955.0,26.0,,,,32.0,,,,,98.0,1437.0,,
20210806,336,715,2580.0,1334,,1477,10.0,,,26.0,,,,32.0,,,,,98.0,1437.0,3958.0,
20210807,336,715,2580.0,1334,,1477,10.0,,3960.0,26.0,,,,32.0,,,,,98.0,1437.0,,
20210808,336,715,2580.0,1334,,1479,10.0,,3965.0,26.0,,,,32.0,,,,,98.0,1437.0,,
20210809,336,715,2580.0,1334,,1480,10.0,,3966.0,26.0,,,,32.0,,,,,98.0,1437.0,,
20210810,336,715,2580.0,1334,,1481,10.0,,3967.0,26.0,,,,32.0,,,,,98.0,1437.0,,
20210811,336,715,2580.0,1334,,1484,10.0,,3968.0,26.0,,,,32.0,,,,,98.0,1437.0,,
20210812,336,715,2580.0,1334,,1485,10.0,,3968.0,26.0,,,,32.0,,,,,98.0,1437.0,,
20210813,336,715,2580.0,1335,,1486,10.0,,3971.0,26.0,,,,32.0,,,,,98.0,1437.0,,
20210814,336,715,2580.0,1335,,1487,10.0,,3975.0,26.0,,,,32.0,,,,,98.0,1437.0,,
20210815,336,715,2580.0,1335,,1488,10.0,,3976.0,26.0,,,,32.0,,,,,98.0,1437.0,,
20210816,336,715,2580.0,1335,,1488,10.0,,3977.0,26.0,,,,32.0,,,,,98.0,1437.0,,
20210817,336,715,2580.0,1336,,1488,10.0,,3979.0,26.0,,,,32.0,,,,,98.0,1437.0,,
20210818,336,715,2581.0,1336,,1490,10.0,,3979.0,26.0,,,,32.0,,,,,98.0,1437.0,,
20210819,336,715,2581.0,1337,,1490,10.0,,3981.0,26.0,,,,32.0,,,,,98.0,1437.0,,
20210820,336,715,2581.0,1337,,1493,10.0,,3983.0,26.0,,,,32.0,,,,,98.0,1437.0,,
20210821,336,715,2581.0,1337,,1494,10.0,,3984.0,26.0,,,,32.0,,,,,98.0,1437.0,,
20210822,336,715,2581.0,1337,,1495,10.0,,3986.0,26.0,,,,32.0,,,,,98.0,1437.0,,
20210823,336,715,2581.0,1337,,1497,10.0,,3989.0,26.0,,,,32.0,,,,,98.0,1437.0,,
20210824,336,715,2581.0,1337,,1499,10.0,,3992.0,26.0,,,,32.0,,,,,98.0,1437.0,,
20210825,336,715,2581.0,1337,,1504,10.0,,3994.0,26.0,,,,32.0,,,,,98.0,1437.0,,
20210826,336,715,2581.0,1337,,1504,10.0,,3999.0,26.0,,,,32.0,,,,,98.0,1437.0,,
20210827,336,715,2581.0,1337,,1506,10.0,,4000.0,26.0,,,,32.0,,,,,98.0,1437.0,,
20210828,336,716,2582.0,1337,,1506,10.0,,4015.0,26.0,,,,32.0,,,,,98.0,1437.0,,
20210829,336,716,2582.0,1337,,1508,10.0,,4019.0,26.0,,,,32.0,,,,,98.0,1437.0,,
20210830,336,716,2582.0,1337,,1514,10.0,,4020.0,26.0,,,,32.0,,,,,98.0,1437.0,,
20210831,336,716,2582.0,1337,,1514,10.0,,4023.0,26.0,,,,32.0,,,,,98.0,1437.0,,
20210901,336,716,2582.0,1337,,1514,10.0,,4025.0,26.0,,,,32.0,,,,,98.0,1437.0,,
20210902,336,716,2582.0,1337,,1514,10.0,,,26.0,,,,32.0,,,,,98.0,1437.0,4026.0,
20210904,336,716,2582.0,1333,,1518,10.0,,4026.0,26.0,,,,32.0,,,,,98.0,1436.0,,
20210905,336,716,2582.0,1333,,1519,10.0,,4026.0,26.0,,,,32.0,,,,,98.0,1436.0,,
20210906,336,716,2582.0,1333,,1523,10.0,,,26.0,,,,32.0,,,,,98.0,1436.0,4030.0,
20210907,336,716,2582.0,1333,,1523,10.0,,4032.0,26.0,,,,32.0,,,,,98.0,1436.0,,
20210908,336,716,2582.0,1333,,1527,10.0,,4034.0,26.0,,,,32.0,,,,,98.0,1436.0,,
20210909,336,716,2582.0,1333,,1527,10.0,,4036.0,26.0,,,,32.0,,,,,98.0,1436.0,,
20210910,336,716,2582.0,1333,,1529,10.0,,4036.0,26.0,,,,32.0,,,,,98.0,1436.0,,
20210911,336,716,2582.0,1333,,1532,10.0,,4038.0,26.0,,,,32.0,,,,,98.0,1436.0,,
20210912,336,716,2582.0,1333,,1534,10.0,,4040.0,26.0,,,,32.0,,,,,98.0,1436.0,,
20210913,336,716,2582.0,1333,,1536,10.0,,4041.0,26.0,,,,32.0,,,,,98.0,1436.0,,
20210914,336,716,2582.0,1333,,1537,10.0,,4041.0,26.0,,,,32.0,,,,,98.0,1436.0,,
20210915,336,716,2582.0,1333,,1537,10.0,,4043.0,26.0,,,,32.0,,,,,98.0,1436.0,,
20210916,336,716,2582.0,1333,,1537,10.0,,4044.0,26.0,,,,32.0,,,,,98.0,1436.0,,
20210918,336,716,2582.0,1333,,1538,10.0,,,26.0,,,,32.0,,,,,98.0,1436.0,4046.0,
20210919,336,716,2582.0,1333,,1540,10.0,,4049.0,26.0,,,,32.0,,,,,98.0,1436.0,,
20210920,336,716,2582.0,1333,,1541,10.0,,4051.0,26.0,,,,32.0,,,,,98.0,1436.0,,
20210921,336,716,2582.0,1333,,1541,10.0,,4056.0,26.0,,,,32.0,,,,,98.0,1436.0,,
20210922,336,716,2582.0,1333,,1542,10.0,,4056.0,26.0,,,,32.0,,,,,98.0,1436.0,,
20210923,336,716,2582.0,1333,,1543,10.0,,4056.0,26.0,,,,32.0,,,,,98.0,1436.0,,
20210924,336,716,2582.0,1333,,1544,10.0,,4057.0,26.0,,,,32.0,,,,,98.0,1436.0,,
20210925,336,716,2582.0,1337,,1547,10.0,,4057.0,26.0,,,,32.0,,,,,98.0,1436.0,,
20210926,336,716,2582.0,1337,,1549,10.0,,4064.0,26.0,,,,32.0,,,,,98.0,1436.0,,
20210927,336,716,2582.0,1337,,1550,10.0,,4071.0,26.0,,,,32.0,,,,,98.0,1436.0,,
20210928,336,716,2582.0,1337,,1551,10.0,,4073.0,26.0,,,,32.0,,,,,98.0,1436.0,,
20210929,336,716,2582.0,1337,,1557,10.0,,4080.0,26.0,,,,32.0,,,,,98.0,1436.0,,
20210930,336,716,2582.0,1337,,1559,10.0,,4083.0,26.0,,,,32.0,,,,,98.0,1436.0,,
20211001,336,716,2582.0,1337,,1561,10.0,,,26.0,,,,32.0,,,,,98.0,1436.0,4084.0,
20211002,336,716,2582.0,1337,,1562,10.0,,4087.0,26.0,,,,32.0,,,,,98.0,1436.0,,
20211003,336,716,2582.0,1337,,1565,10.0,,4089.0,26.0,,,,32.0,,,,,98.0,1436.0,,
20211005,336,716,2582.0,1337,,1566,10.0,,4092.0,26.0,,,,32.0,,,,,98.0,1436.0,,
20211006,336,716,2582.0,1337,,1567,10.0,,4098.0,26.0,,,,32.0,,,,,98.0,1436.0,,
20211007,336,717,2582.0,1337,,1572,10.0,,4098.0,26.0,,,,32.0,,,,,98.0,1436.0,,
20211008,336,717,2582.0,1337,,1576,10.0,,4102.0,26.0,,,,32.0,,,,,98.0,1436.0,,
20211009,336,717,2582.0,1337,,1576,10.0,,4103.0,26.0,,,,32.0,,,,,98.0,1437.0,,
20211011,336,717,2582.0,1337,,1577,10.0,,4110.0,26.0,,,,32.0,,,,,98.0,1437.0,,
20211012,336,717,2582.0,1337,,1578,10.0,,4116.0,26.0,,,,32.0,,,,,98.0,1437.0,,
20211013,336,717,2582.0,1337,,1581,10.0,,4117.0,26.0,,,,32.0,,,,,98.0,1437.0,,
20211014,336,717,2582.0,1337,,1581,10.0,,4120.0,26.0,,,,32.0,,,,,98.0,1437.0,,
20211015,336,717,2582.0,1337,,1581,10.0,,4121.0,26.0,,,,32.0,,,,,98.0,1437.0,,
20211016,336,717,2582.0,1337,,1585,10.0,,4126.0,26.0,,,,32.0,,,,,98.0,1437.0,,
20211017,336,717,2582.0,1337,,1588,10.0,,4129.0,26.0,,,,32.0,,,,,98.0,1437.0,,
20211018,336,717,2582.0,1337,,1589,10.0,,,26.0,,,,32.0,,,,,98.0,1437.0,4131.0,
20211019,336,717,2582.0,1337,,1593,10.0,,4132.0,26.0,,,,32.0,,,,,98.0,1437.0,,
20211020,336,717,2582.0,1337,,1595,10.0,,4132.0,26.0,,,,32.0,,,,,98.0,1437.0,,
20211021,336,717,2582.0,1337,,1595,10.0,,4136.0,26.0,,,,32.0,,,,,98.0,1437.0,,
20211022,336,717,2582.0,1337,,1596,10.0,,4141.0,26.0,,,,32.0,,,,,98.0,1437.0,,
20211023,336,717,2582.0,1337,,1596,10.0,,4143.0,26.0,,,,32.0,,,,,98.0,1437.0,,
20211024,336,717,2582.0,1337,,1596,10.0,,4149.0,26.0,,,,32.0,,,,,98.0,1437.0,,
20211025,336,717,2582.0,1337,,1598,10.0,,4151.0,26.0,,,,32.0,,,,,98.0,1437.0,,
20211026,336,717,2582.0,1337,,1599,10.0,,,26.0,,,,32.0,,,,,98.0,1437.0,4154.0,
20211027,336,717,2582.0,1337,,1601,10.0,,4155.0,26.0,,,,32.0,,,,,98.0,1437.0,,
20211028,336,717,2582.0,1337,,1605,10.0,,4156.0,26.0,,,,32.0,,,,,98.0,1437.0,,
20211029,336,717,2582.0,1337,,1607,10.0,,4156.0,26.0,,,,32.0,,,,,98.0,1437.0,,
20211030,336,717,2582.0,1337,,1611,10.0,,4157.0,26.0,,,,32.0,,,,,98.0,1437.0,,
20211031,336,717,2582.0,1337,,1613,10.0,,4158.0,26.0,,,,32.0,,,,,98.0,1437.0,,
20211101,336,717,2582.0,1337,,1614,10.0,,4158.0,26.0,,,,32.0,,,,,98.0,1437.0,,
20211102,336,717,2582.0,1337,,1614,10.0,,4159.0,26.0,,,,32.0,,,,,98.0,1437.0,,
20211103,336,717,2582.0,1337,,1615,10.0,,4160.0,26.0,,,,32.0,,,,,98.0,1437.0,,
20211104,336,717,2582.0,1337,,1618,10.0,,4160.0,26.0,,,,32.0,,,,,98.0,1437.0,,
20211105,336,717,2582.0,1339,,1621,10.0,,4162.0,26.0,,,,32.0,,,,,98.0,1437.0,,
20211106,336,717,2582.0,1339,,1621,10.0,,4163.0,26.0,,,,32.0,,,,,98.0,1437.0,,
20211107,336,717,2582.0,1339,,1623,10.0,,4168.0,26.0,,,,32.0,,,,,98.0,1437.0,,
20211108,336,717,2582.0,1339,,1623,10.0,,4169.0,26.0,,,,32.0,,,,,98.0,1437.0,,
20211110,336,717,2582.0,1339,,1624,10.0,,4169.0,26.0,,,,32.0,,,,,98.0,1437.0,,
20211111,336,717,2582.0,1340,,1625,10.0,,4169.0,26.0,,,,32.0,,,,,98.0,1440.0,,
20211112,336,717,2582.0,1340,,1626,10.0,,4173.0,26.0,,,,32.0,,,,,98.0,1438.0,,
20211113,336,717,2582.0,1340,,1627,10.0,,,26.0,,,,32.0,,,,,98.0,1437.0,4174.0,
20211114,336,717,2582.0,1340,,1629,10.0,,4174.0,26.0,,,,32.0,,,,,98.0,1437.0,,
20211115,336,717,2582.0,1340,,1629,10.0,,4175.0,26.0,,,,32.0,,,,,98.0,1437.0,,
20211116,336,717,2582.0,1340,,1633,10.0,,4177.0,26.0,,,,32.0,,,,,98.0,1437.0,,
20211117,336,717,2582.0,1340,,1634,10.0,,4177.0,26.0,,,,32.0,,,,,98.0,1437.0,,
20211118,336,717,2582.0,1340,,1635,10.0,,4179.0,26.0,,,,32.0,,,,,98.0,1437.0,,
20211119,336,717,2582.0,1340,,1637,10.0,,4181.0,26.0,,,,32.0,,,,,98.0,1437.0,,
20211120,336,717,2582.0,1340,,1637,10.0,,4182.0,26.0,,,,32.0,,,,,98.0,1437.0,,
20211121,336,717,2582.0,1340,,1637,10.0,,4185.0,26.0,,,,32.0,,,,,98.0,1437.0,,
20211122,336,717,2582.0,1340,,1638,10.0,,4186.0,26.0,,,,32.0,,,,,98.0,1437.0,,
20211123,336,717,2582.0,1340,,1640,10.0,,4187.0,26.0,,,,32.0,,,,,98.0,1437.0,,
20211124,336,717,2582.0,1340,,1644,10.0,,4189.0,26.0,,,,32.0,,,,,98.0,1437.0,,
20211125,336,717,2582.0,1340,,1644,10.0,,4190.0,26.0,,,,32.0,,,,,98.0,1437.0,,
20211126,336,717,2582.0,1340,,1648,10.0,,4192.0,26.0,,,,32.0,,,,,98.0,1437.0,,
20211127,336,717,2582.0,1340,,1650,10.0,,4194.0,26.0,,,,32.0,,,,,98.0,1437.0,,
20211128,336,717,2582.0,1340,,1652,10.0,,4195.0,26.0,,,,32.0,,,,,98.0,1437.0,,
20211129,336,717,2582.0,1340,,1652,11.0,,,26.0,,,,32.0,,,,,98.0,1437.0,4197.0,
20211130,336,717,2582.0,1340,,1653,11.0,,4199.0,26.0,,,,32.0,,,,,98.0,1437.0,,
20211201,336,717,2582.0,1340,,1654,11.0,,4204.0,26.0,,,,32.0,,,,,98.0,1437.0,,
20211202,336,717,2582.0,1340,,1655,11.0,,4206.0,26.0,,,,32.0,,,,,98.0,1437.0,,
20211203,336,717,2582.0,1340,,1658,11.0,,4209.0,26.0,,,,32.0,,,,,98.0,1437.0,,
20211204,336,717,2582.0,1341,,1660,11.0,,4209.0,26.0,,,,32.0,,,,,98.0,1437.0,,
20211205,336,717,2582.0,1341,,1663,11.0,,4210.0,26.0,,,,32.0,,,,,98.0,1437.0,,
20211206,336,717,2582.0,1341,,1664,11.0,,4218.0,26.0,,,,32.0,,,,,98.0,1437.0,,
20211207,336,717,2582.0,1341,,1665,11.0,,4222.0,26.0,,,,32.0,,,,,98.0,1437.0,,
20211208,336,717,2582.0,1341,,1669,11.0,,4223.0,26.0,,,,32.0,,,,,98.0,1437.0,,
20211209,336,717,2582.0,1341,,1669,11.0,,4223.0,26.0,,,,32.0,,,,,98.0,1437.0,,
20211210,336,717,2582.0,1341,,1673,11.0,,4226.0,26.0,,,,32.0,,,,,98.0,1437.0,,
20211211,336,717,2582.0,1341,,1676,11.0,,4227.0,26.0,,,,32.0,,,,,98.0,1437.0,,
20211212,336,717,2582.0,1341,,1676,11.0,,4228.0,26.0,,,,32.0,,,,,98.0,1437.0,,
20211213,336,717,2582.0,1341,,1678,11.0,,4231.0,26.0,,,,32.0,,,,,98.0,1437.0,,
20211214,336,717,2582.0,1341,,1678,11.0,,4233.0,26.0,,,,32.0,,,,,98.0,1437.0,,
20211215,336,717,2582.0,1341,,1682,11.0,,4235.0,26.0,,,,32.0,,,,,98.0,1436.0,,
20211216,336,717,2582.0,1341,,1683,11.0,,4235.0,26.0,,,,32.0,,,,,98.0,1436.0,,
20211217,336,717,2582.0,1341,,1691,11.0,,4237.0,26.0,,,,32.0,,,,,98.0,1436.0,,
20211218,336,717,2582.0,1341,,1695,11.0,,4240.0,26.0,,,,32.0,,,,,98.0,1436.0,,
20211219,336,717,2582.0,1341,,1696,11.0,,4244.0,26.0,,,,32.0,,,,,98.0,1436.0,,
20211220,336,717,2582.0,1341,,1699,11.0,,4249.0,26.0,,,,32.0,,,,,98.0,1436.0,,
20211221,336,717,2582.0,1341,,1703,11.0,,4252.0,26.0,,,,32.0,,,,,98.0,1436.0,,
20211222,336,717,2582.0,1341,,1708,11.0,,4255.0,26.0,,,,32.0,,,,,98.0,1436.0,,
20211223,336,717,2582.0,1341,,1713,11.0,,4257.0,26.0,,,,32.0,,,,,98.0,1436.0,,
20211224,336,717,2582.0,1341,,1714,11.0,,4258.0,26.0,,,,32.0,,,,,98.0,1436.0,,
20211225,336,717,2582.0,1341,,1716,11.0,,4260.0,26.0,,,,32.0,,,,,98.0,1437.0,,
20211226,336,717,2582.0,1341,,1736,11.0,,4265.0,26.0,,,,32.0,,,,,98.0,1437.0,,
20211227,336,717,2582.0,1341,,1740,11.0,,4270.0,26.0,,,,32.0,,,,,98.0,1437.0,,
20211228,336,717,2582.0,1341,,1744,11.0,,4275.0,26.0,,,,32.0,,,,,98.0,1437.0,,
20211229,336,717,2582.0,1341,,1746,11.0,,4279.0,26.0,,,,32.0,,,,,98.0,1437.0,,
20211230,336,717,2582.0,1341,,1756,11.0,,4283.0,26.0,,,,32.0,,,,,98.0,1437.0,,
20211231,336,717,2582.0,1341,,1765,11.0,,4286.0,26.0,,,,32.0,,,,,98.0,1437.0,,
20220101,336,717,2583.0,1341,,1770,11.0,,4299.0,26.0,,,,32.0,,,,,98.0,1437.0,,
20220102,336,717,2583.0,1341,,1780,11.0,,4305.0,26.0,,,,32.0,,,,,98.0,1438.0,,
20220103,336,717,2584.0,1341,,1792,11.0,,4318.0,26.0,,,,32.0,,,,,98.0,1438.0,,
20220104,336,717,2584.0,1341,,1800,11.0,,4339.0,26.0,,,,32.0,,,,,98.0,1438.0,,
20220105,336,717,2584.0,1341,,1832,11.0,,4346.0,26.0,,,,32.0,,,,,98.0,1438.0,,
20220106,336,717,2584.0,1342,,1848,11.0,,4367.0,26.0,,,,32.0,,,,,98.0,1438.0,,
20220107,336,717,2585.0,1342,,1860,11.0,,4387.0,26.0,,,,32.0,,,,,98.0,1438.0,,
20220108,336,717,2586.0,1342,,1871,11.0,,4406.0,26.0,,,,32.0,,,,,98.0,1440.0,,
20220109,336,717,2587.0,1342,,1875,11.0,,4435.0,26.0,,,,32.0,,,,,98.0,1443.0,,
20220110,336,717,2588.0,1342,,1890,11.0,,4452.0,26.0,,,,32.0,,,,,98.0,1443.0,,
20220111,336,717,2588.0,1342,,1900,11.0,,4463.0,26.0,,,,32.0,,,,,98.0,1445.0,,
20220112,336,717,2588.0,1342,,1904,11.0,,4480.0,26.0,,,,32.0,,,,,98.0,1445.0,,
20220113,336,717,2588.0,1342,,1908,11.0,,4497.0,26.0,,,,32.0,,,,,98.0,1446.0,,
20220114,336,717,2589.0,1342,,1909,11.0,,4507.0,26.0,,,,32.0,,,,,98.0,1448.0,,
20220115,336,718,2589.0,1343,,1913,11.0,,4509.0,26.0,,,,32.0,,,,,98.0,1448.0,,
20220116,336,718,2589.0,1343,,1914,11.0,,4513.0,26.0,,,,32.0,,,,,98.0,1448.0,,
20220117,336,717,2589.0,1343,,1917,11.0,,4520.0,27.0,,,,32.0,,,,,98.0,1448.0,,
20220118,336,717,2590.0,1343,,1920,11.0,,4523.0,27.0,,,,32.0,,,,,98.0,1448.0,,
20220120,336,718,2591.0,1345,,1928,11.0,,4542.0,27.0,,,,32.0,,,,,98.0,1450.0,,
20220121,336,718,2593.0,1347,,1930,11.0,,4545.0,27.0,,,,32.0,,,,,98.0,1455.0,,
20220122,336,719,2594.0,1347,,1935,11.0,,4554.0,28.0,,,,32.0,,,,,98.0,1462.0,,
20220123,336,719,2597.0,1348,,1935,11.0,,4563.0,28.0,,,,32.0,,,,,98.0,1475.0,,
20220124,336,720,2602.0,1350,,1949,11.0,,4658.0,28.0,,,,32.0,,,,,98.0,1498.0,,
20220125,336,720,2612.0,1351,,1956,11.0,,4717.0,28.0,,,,32.0,,,,,98.0,1529.0,,
20220126,336,728,2614.0,1372,,1959,11.0,,4794.0,28.0,,,,32.0,,,,,98.0,1541.0,,
20220127,336,728,2622.0,1373,,1966,11.0,,4858.0,29.0,,,,32.0,,,,,98.0,1567.0,,
20220128,336,730,2625.0,1376,,2011,11.0,,4938.0,29.0,,,,32.0,,,,,98.0,1597.0,,
20220129,336,731,2632.0,1379,,2011,11.0,,5001.0,31.0,,,,32.0,,,,,98.0,1636.0,,
20220130,336,731,2647.0,1383,,2012,11.0,,5072.0,31.0,,,,32.0,,,,,98.0,1663.0,,
20220131,336,736,2655.0,1387,,2012,11.0,,5105.0,33.0,,,,32.0,,,,,98.0,1692.0,,
20220201,336,738,2661.0,1387,,2019,11.0,,5151.0,33.0,,,,32.0,,,,,98.0,1722.0,,
20220202,336,739,2676.0,1389,,2020,11.0,,5226.0,33.0,,,,32.0,,,,,98.0,1757.0,,
20220203,336,741,2701.0,1393,,2022,11.0,,5258.0,33.0,,,,32.0,,,,,98.0,1806.0,,
20220204,336,748,2716.0,1404,,2033,11.0,,5311.0,33.0,,,,32.0,,,,,98.0,1853.0,,
20220205,336,754,2747.0,1405,,2034,11.0,,5328.0,33.0,,,,32.0,,,,,99.0,1927.0,,
20220207,336,763,2907.0,1417,,2034,10.0,,5407.0,33.0,,,,32.0,,,,,99.0,2241.0,,119.0
20220208,336,767,2971.0,1425,,2040,11.0,,5454.0,33.0,,,,32.0,,,,,99.0,2364.0,,480.0
20220209,336,791,3066.0,1432,,2042,11.0,,5486.0,33.0,,,,32.0,,,,,99.0,2518.0,,791.0
20220210,336,808,3350.0,1454,,2049,11.0,,5540.0,38.0,,,,32.0,,,,,100.0,2782.0,,1298.0
20220211,336,825,3488.0,1484,,2050,11.0,,5564.0,34.0,,,,32.0,,,,,99.0,2950.0,,1911.0
20220212,336,827,3589.0,1502,,2052,11.0,,5627.0,27.0,,,,32.0,,,,,99.0,3169.0,,2838.0
20220213,336,829,3652.0,1510,,2054,11.0,,5644.0,27.0,,,,32.0,,,,,99.0,3251.0,,4178.0
20220214,336,830,3807.0,1516,,2055,11.0,,5669.0,27.0,,,,32.0,,,,,99.0,3332.0,,5256.0
20220215,336,834,4045.0,1535,,2079,11.0,,5690.0,27.0,,,,32.0,,,,,99.0,3532.0,,6821.0
20220217,336,841,4322.0,1566,,2079,11.0,,5710.0,29.0,,,,32.0,,,,,102.0,3694.0,,12223.0
20220218,336,844,4585.0,1596,,2102,11.0,,5729.0,29.0,,,,32.0,,,,,106.0,3870.0,,17821.0
20220219,336,845,4884.0,1660,,2104,11.0,,5744.0,33.0,,,,32.0,,,,,127.0,4061.0,,20853.0
20220220,336,854,4938.0,1696,,2106,11.0,,5782.0,33.0,,,,32.0,,,,,126.0,4135.0,,26704.0
20220221,336,858,5274.0,1743,,2113,11.0,,5839.0,35.0,,,,32.0,,,,,127.0,4288.0,,32164.0
20220223,336,867,6062.0,1950,,2118,11.0,,5897.0,61.0,,,,32.0,,,,,98.0,4920.0,,44212.0
20220224,336,875,6140.0,1971,,2121,11.0,,5920.0,64.0,,,,32.0,,,,,98.0,5301.0,,52369.0
20220225,336,881,6163.0,2003,,2122,11.0,,5920.0,63.0,,,,32.0,,,,,98.0,5604.0,,60803.0
20220226,336,881,6186.0,2011,,2124,11.0,,5925.0,60.0,,,,32.0,,,,,98.0,5634.0,,70748.0
20220227,336,882,6188.0,2011,,2129,11.0,,5931.0,59.0,,,,32.0,,,,,98.0,5642.0,,115626.0
20220228,336,883,6191.0,2013,,2133,11.0,,5934.0,59.0,,,,32.0,,,,,98.0,5645.0,,147969.0
20220301,336,884,6202.0,2015,,2133,11.0,,5932.0,57.0,,,,32.0,,,,,98.0,5653.0,,182417.0
20220302,336,891,6231.0,2038,,2138,11.0,,5923.0,49.0,,,,32.0,,,,,98.0,5660.0,,214960.0
20220303,336,893,6250.0,2054,,2138,11.0,,5919.0,44.0,,,,32.0,,,,,98.0,5666.0,,270279.0
